initial_capital,final_value,total_return_pct,max_drawdown_pct,total_trades,winning_trades,losing_trades,win_rate,avg_profit,avg_loss
100000,100717.60930800438,0.7176093080043793,-0.3237879157433136,34,21,13,61.76470588235294,57.039498079390754,-36.94001166637127
