initial_capital,final_value,total_return_pct,max_drawdown_pct,total_trades,winning_trades,losing_trades,win_rate,avg_profit,avg_loss
100000,100039.29946899414,0.03929946899414062,-0.3841608809816295,57,26,31,45.614035087719294,29.538457577045147,-23.506465419646233
