initial_capital,final_value,total_return_pct,max_drawdown_pct,total_trades,winning_trades,losing_trades,win_rate,avg_profit,avg_loss
20000.0,19831.999835968018,-0.8400008201599122,-1.4699205834757467,99,34,65,34.34343434343434,19.66029582304113,-12.868464954082782
