initial_capital,final_value,total_return_pct,max_drawdown_pct,total_trades,winning_trades,losing_trades,win_rate,avg_profit,avg_loss
100000,100022.14998245239,0.022149982452392577,-0.018392505227999276,9,4,5,44.44444444444444,12.050005912780762,-5.210008239746093
