initial_capital,final_value,total_return_pct,max_drawdown_pct,total_trades,winning_trades,losing_trades,win_rate,avg_profit,avg_loss
20000.0,20169.100311279297,0.8455015563964843,-0.5411402331271721,270,148,122,54.81481481481482,5.3783794609276026,-5.138523351950724
