initial_capital,final_value,total_return_pct,max_drawdown_pct,total_trades,winning_trades,losing_trades,win_rate,avg_profit,avg_loss
100000,100096.81653213501,0.09681653213500976,-0.047623439788818354,3,2,1,66.66666666666666,72.21998596191406,-47.62343978881836
